time,active_peers
1.0,9
2.0,9
3.000000000000001,9
4.000000000000002,3
5.1,0
6.099999999999999,0
