piece_index,arrival_time
8,0.8999999999999999
6,1.2
7,1.5
4,1.8
2,2.1
5,2.4000000000000004
9,2.7000000000000006
0,3.000000000000001
1,3.300000000000001
3,3.6000000000000014
