piece_index,arrival_time
9,1.2
3,1.5
1,1.8
7,2.1
2,2.4000000000000004
4,2.7000000000000006
8,3.000000000000001
5,3.300000000000001
6,3.6000000000000014
0,3.9000000000000017
