time,active_peers
1.0,19
2.0,19
3.0000000000000004,19
4.0,19
5.0,19
6.0,19
7.099999999999998,12
8.099999999999998,2
