num_peers,avg_completion_time
5,6.699999999999999
10,6.944444444444443
15,7.192857142857142
20,7.421052631578946
