speed,avg_completion_time
0.5,11.777777777777777
1.0,6.922222222222221
1.5,5.2333333333333325
2.0,4.4
2.5,3.9000000000000017
