num_peers,avg_completion_time
5,6.6499999999999995
10,6.922222222222221
15,7.164285714285713
20,7.4421052631578934
